Workbook

Sheet Bìa
A1: Tên hệ thống | K1: Type hệ thống | W1: Thiết kế cơ bản | AP1: Người tạo | AT1: Ngày tạo | AY1: Người update | BC1: Ngày update | BH1: Version
A2: Web Practice | K2: Sơ đồ di chuyển màn hình_Flow nghiệp vụ | AP2: LongLD | AT2: 45047 | BH2: 0.1
A4: Category chức năng | H4: Quản lý nhân viên | U4: Hạng mục | Z4: - | AP4: Bìa
L16: Web Practice Thiết kế cơ bản
L24: =K2&"/"&H4&"/"&Z4 -> Sơ đồ di chuyển màn hình_Flow nghiệp vụ/Quản lý nhân viên/-
Q44: Ngày phê chuẩn | AA44: Người phê chuẩn | AQ44: Version

Sheet Lịch sử thay đổi
A1: Tên hệ thống | K1: Type hệ thống | W1: =IF(Bìa!W1="","",Bìa!W1) -> Thiết kế cơ bản | AP1: Người tạo | AT1: Ngày tạo | AY1: Người update | BC1: Ngày update | BH1: Version
A2: =IF(Bìa!A2="","",Bìa!A2) -> Web Practice | K2: =IF(Bìa!K2="","",Bìa!K2) -> Sơ đồ di chuyển màn hình_Flow nghiệp vụ | AP2: =IF(Bìa!AP2="","",Bìa!AP2) -> LongLD | AT2: =IF(Bìa!AT2="","",Bìa!AT2) -> 45047 | AY2: =IF(Bìa!AY2="","",Bìa!AY2) | BC2: =IF(Bìa!BC2="","",Bìa!BC2) | BH2: =IF(Bìa!BH2="","",Bìa!BH2) -> 0.1
A4: Category chức năng | H4: =IF(Bìa!H4="","",Bìa!H4) -> Quản lý nhân viên | U4: Hạng mục | Z4: =IF(Bìa!Z4="","",Bìa!Z4) -> - | AP4: Lịch sử thay đổi
B8: ■Lịch sử thay đổi
B10: Ngày update | H10: Người update | O10: Version | S10: Nội dung thay đổi | AX10: Ngày phê chuẩn | BD10: Người phê chuẩn
B11: 44931 | H11: LongLD | O11: 0.1 | S11: Tạo mới

Sheet Di chuyển màn hình
A1: Tên hệ thống | K1: Type hệ thống | W1: =IF(Bìa!W1="","",Bìa!W1) -> Thiết kế cơ bản | AP1: Người tạo | AT1: Ngày tạo | AY1: Người update | BC1: Ngày update | BH1: Version
A2: =IF(Bìa!A2="","",Bìa!A2) -> Web Practice | K2: =IF(Bìa!K2="","",Bìa!K2) -> Sơ đồ di chuyển màn hình_Flow nghiệp vụ | AP2: =IF(Bìa!AP2="","",Bìa!AP2) -> LongLD | AT2: =IF(Bìa!AT2="","",Bìa!AT2) -> 45047 | AY2: =IF(Bìa!AY2="","",Bìa!AY2) | BC2: =IF(Bìa!BC2="","",Bìa!BC2) | BH2: =IF(Bìa!BH2="","",Bìa!BH2) -> 0.1
A4: Category chức năng | H4: =IF(Bìa!H4="","",Bìa!H4) -> Quản lý nhân viên | U4: Hạng mục | Z4: =IF(Bìa!Z4="","",Bìa!Z4) -> - | AP4: Di chuyển màn hình
B7: Di chuyển màn hình | BB7: API

Sheet Hạng mục comment
A1: Tên hệ thống | K1: Type hệ thống | W1: =IF(Bìa!W1="","",Bìa!W1) -> Thiết kế cơ bản | AP1: Người tạo | AT1: Ngày tạo | AY1: Người update | BC1: Ngày update | BH1: Version
A2: =IF(Bìa!A2="","",Bìa!A2) -> Web Practice | K2: =IF(Bìa!K2="","",Bìa!K2) -> Sơ đồ di chuyển màn hình_Flow nghiệp vụ | AP2: =IF(Bìa!AP2="","",Bìa!AP2) -> LongLD | AT2: =IF(Bìa!AT2="","",Bìa!AT2) -> 45047 | AY2: =IF(Bìa!AY2="","",Bìa!AY2) | BC2: =IF(Bìa!BC2="","",Bìa!BC2) | BH2: =IF(Bìa!BH2="","",Bìa!BH2) -> 0.1
A4: Category chức năng | H4: =IF(Bìa!H4="","",Bìa!H4) -> Quản lý nhân viên | U4: Hạng mục | Z4: =IF(Bìa!Z4="","",Bìa!Z4) -> - | AP4: Hạng mục comment
