Workbook
Name validate: [1]tmp!$G$6:$G$7

Sheet Bìa
A1: Tên system | K1: Loại system | W1: TKDB | AP1: Người tạo | AT1: Ngày tạo | AY1: Người update | BC1: Ngày update | BH1: Version
A2: Manager User | K2: 14_Thiết kế DB | AP2: ThanhPD | AT2: 44930 | AY2: =LOOKUP(2,1/('Lịch sử thay đổi'!H3:H48<>""),'Lịch sử thay đổi'!H3:H48) -> ThanhPD | BC2: =LOOKUP(2,1/('Lịch sử thay đổi'!B3:B48<>""),'Lịch sử thay đổi'!B3:B48) -> 44930 | BH2: =LOOKUP(2,1/('Lịch sử thay đổi'!O3:O48<>""),'Lịch sử thay đổi'!O3:O48) -> 0.1
A4: Category chức năng | U4: Hạng mục | Z4: ー | AP4: Bìa
L16: Manager User
L24: =K2&"/"&H4&"/"&Z4 -> 14_Thiết kế DB//ー
Q44: Ngày phê chuẩn | AA44: Người phê chuẩn | AQ44: Version

Sheet Lịch sử thay đổi
A1: Tên system | K1: Loại system | W1: =IF(Bìa!W1="","",Bìa!W1) -> TKDB | AP1: Người tạo | AT1: Ngày tạo | AY1: Người update | BC1: Ngày update | BH1: Version
A2: =IF(Bìa!A2="","",Bìa!A2) -> Manager User | K2: =IF(Bìa!K2="","",Bìa!K2) -> 14_Thiết kế DB | AP2: =IF(Bìa!AP2="","",Bìa!AP2) -> ThanhPD | AT2: =IF(Bìa!AT2="","",Bìa!AT2) -> 44930 | AY2: =IF(Bìa!AY2="","",Bìa!AY2) -> ThanhPD | BC2: =IF(Bìa!BC2="","",Bìa!BC2) -> 44930 | BH2: =IF(Bìa!BH2="","",Bìa!BH2) -> 0.1
A4: Category chức năng | H4: =IF(Bìa!H4="","",Bìa!H4) | U4: Hạng mục | Z4: =IF(Bìa!Z4="","",Bìa!Z4) -> ー | AP4: Lịch sử thay đổi
B8: ■Lịch sử thay đổi
B10: Date | H10: Người update | O10: Version | S10: Nội dung thay đổi | AX10: Ngày phê chuẩn | BD10: Người phê chuẩn
B11: 44930 | H11: ThanhPD | O11: 0.1 | S11: Tạo mới tài liệu

Sheet Sơ đồ ER
A1: Tên system | K1: Loại system | W1: =IF(Bìa!W1="","",Bìa!W1) -> TKDB | AP1: Người tạo | AT1: Ngày tạo | AY1: Người update | BC1: Ngày update | BH1: Version
A2: =IF(Bìa!A2="","",Bìa!A2) -> Manager User | K2: =IF(Bìa!K2="","",Bìa!K2) -> 14_Thiết kế DB | AP2: =IF(Bìa!AP2="","",Bìa!AP2) -> ThanhPD | AT2: =IF(Bìa!AT2="","",Bìa!AT2) -> 44930 | AY2: =IF(Bìa!AY2="","",Bìa!AY2) -> ThanhPD | BC2: =IF(Bìa!BC2="","",Bìa!BC2) -> 44930 | BH2: =IF(Bìa!BH2="","",Bìa!BH2) -> 0.1
A4: Category chức năng | H4: =IF(Bìa!H4="","",Bìa!H4) | U4: Hạng mục | Z4: =IF(Bìa!Z4="","",Bìa!Z4) -> ー | AP4: Sơ đồ ER

Sheet Danh sách bảng
A1: Tên system | K1: Loại system | W1: =IF(Bìa!W1="","",Bìa!W1) -> TKDB | AP1: Người tạo | AT1: Ngày tạo | AY1: Người update | BC1: Ngày update | BH1: Version
A2: =IF(Bìa!A2="","",Bìa!A2) -> Manager User | K2: =IF(Bìa!K2="","",Bìa!K2) -> 14_Thiết kế DB | AP2: =IF(Bìa!AP2="","",Bìa!AP2) -> ThanhPD | AT2: =IF(Bìa!AT2="","",Bìa!AT2) -> 44930 | AY2: =IF(Bìa!AY2="","",Bìa!AY2) -> ThanhPD | BC2: =IF(Bìa!BC2="","",Bìa!BC2) -> 44930 | BH2: =IF(Bìa!BH2="","",Bìa!BH2) -> 0.1
A4: Category chức năng | H4: =IF(Bìa!H4="","",Bìa!H4) | U4: Hạng mục | Z4: =IF(Bìa!Z4="","",Bìa!Z4) -> ー | AP4: Danh sách bảng
B8: ●Danh sách các bảng
B10: No. | D10: Tên logic | P10: Tên vật lý
B11: 1 | D11: Bảng thông tin nhân viên | P11: employees
B12: =B11+1 -> 2 | D12: Bảng thông tin phòng ban | P12: departments
B13: =B12+1 -> 3 | D13: Bảng thông tin trình độ tiếng Nhật | P13: certifications
B14: =B13+1 -> 4 | D14: Bảng quan hệ nhân viên trình độ tiếng Nhật | P14: employees_certifications

Sheet employees
A1: Tên system | K1: Loại system | W1: =IF(Bìa!W1="","",Bìa!W1) -> TKDB | AP1: Người tạo | AT1: Ngày tạo | AY1: Người update | BC1: Ngày update | BH1: Version
A2: =IF(Bìa!A2="","",Bìa!A2) -> Manager User | K2: =IF(Bìa!K2="","",Bìa!K2) -> 14_Thiết kế DB | AP2: =IF(Bìa!AP2="","",Bìa!AP2) -> ThanhPD | AT2: =IF(Bìa!AT2="","",Bìa!AT2) -> 44930 | AY2: =IF(Bìa!AY2="","",Bìa!AY2) -> ThanhPD | BC2: =IF(Bìa!BC2="","",Bìa!BC2) -> 44930 | BH2: =IF(Bìa!BH2="","",Bìa!BH2) -> 0.1
A4: Category chức năng | H4: =IF(Bìa!H4="","",Bìa!H4) | U4: Hạng mục | Z4: =IF(Bìa!Z4="","",Bìa!Z4) -> ー | AP4: =H11 -> Bảng thông tin nhân viên
B8: ■Thông tin bảng
C10: Tên schema | H10: 社員サービス | Z10: Tên RDBMS | AE10: Aurora
C11: Tên logic | H11: Bảng thông tin nhân viên | Z11: Version | AE11: Mysql
C12: Tên vật lý | H12: employees
C13: Ghi chú
B20: ■Thông tin cột
B22: No. | D22: Tên logic | R22: Tên vật lý | AC22: Data Type | AH22: PK | AJ22: Not Null | AM22: Format | AT22: Ghi chú
B23: 1 | D23: ID nhân viên | R23: employee_id | AC23: BIGINT | AH23: Yes | AJ23: Yes | AT23: Auto increment
B24: 2 | D24: ID bộ phân | R24: department_id | AC24: BIGINT | AJ24: Yes | AT24: FK departments.department_id
B25: 3 | D25: Tên (Tên) | R25: employee_name | AC25: VARCHAR(255) | AJ25: Yes
B26: 4 | D26: Tên (kana) (Tên) | R26: employee_name_kana | AC26: VARCHAR(255)
B27: 5 | D27: Ngày sinh | R27: employee_birth_date | AC27: DATE
B28: 6 | D28: Địa chỉ email | R28: employee_email | AC28: VARCHAR(255) | AJ28: Yes
B29: 7 | D29: Số điện thoại | R29: employee_telephone | AC29: VARCHAR(50)
B30: 8 | D30: Tên tài khoản | R30: employee_login_id | AC30: VARCHAR(50) | AJ30: Yes
B31: 9 | D31: Mật khẩu | R31: employee_login_password | AC31: VARCHAR(100)

Sheet departments
A1: Tên system | K1: Loại system | W1: =IF(Bìa!W1="","",Bìa!W1) -> TKDB | AP1: Người tạo | AT1: Ngày tạo | AY1: Người update | BC1: Ngày update | BH1: Version
A2: =IF(Bìa!A2="","",Bìa!A2) -> Manager User | K2: =IF(Bìa!K2="","",Bìa!K2) -> 14_Thiết kế DB | AP2: =IF(Bìa!AP2="","",Bìa!AP2) -> ThanhPD | AT2: =IF(Bìa!AT2="","",Bìa!AT2) -> 44930 | AY2: =IF(Bìa!AY2="","",Bìa!AY2) -> ThanhPD | BC2: =IF(Bìa!BC2="","",Bìa!BC2) -> 44930 | BH2: =IF(Bìa!BH2="","",Bìa!BH2) -> 0.1
A4: Category chức năng | H4: =IF(Bìa!H4="","",Bìa!H4) | U4: Hạng mục | Z4: =IF(Bìa!Z4="","",Bìa!Z4) -> ー | AP4: =H11 -> Bảng thông tin phòng ban
B8: ■Thông tin bảng
C10: Tên schema | H10: user | Z10: Tên RDBMS | AE10: Aurora
C11: Tên logic | H11: Bảng thông tin phòng ban | Z11: Version | AE11: Mysql
C12: Tên vật lý | H12: departments
C13: Ghi chú
B20: ■Thông tin cột
B22: No. | D22: Tên logic | R22: Tên vật lý | AC22: Data Type | AH22: PK | AJ22: Not Null | AM22: Format | AT22: Ghi chú
B23: 1 | D23: ID bộ phân | R23: department_id | AC23: BIGINT | AH23: Yes | AJ23: Yes | AT23: Auto increment
B24: 2 | D24: Tên bộ phận | R24: department_name | AC24: VARCHAR(50) | AJ24: Yes

Sheet certifications
A1: Tên system | K1: Loại system | W1: =IF(Bìa!W1="","",Bìa!W1) -> TKDB | AP1: Người tạo | AT1: Ngày tạo | AY1: Người update | BC1: Ngày update | BH1: Version
A2: =IF(Bìa!A2="","",Bìa!A2) -> Manager User | K2: =IF(Bìa!K2="","",Bìa!K2) -> 14_Thiết kế DB | AP2: =IF(Bìa!AP2="","",Bìa!AP2) -> ThanhPD | AT2: =IF(Bìa!AT2="","",Bìa!AT2) -> 44930 | AY2: =IF(Bìa!AY2="","",Bìa!AY2) -> ThanhPD | BC2: =IF(Bìa!BC2="","",Bìa!BC2) -> 44930 | BH2: =IF(Bìa!BH2="","",Bìa!BH2) -> 0.1
A4: Category chức năng | H4: =IF(Bìa!H4="","",Bìa!H4) | U4: Hạng mục | Z4: - | AP4: =H11 -> Bảng thông tin trình độ tiếng Nhật
B8: ■Thông tin bảng
C10: Tên schema | H10: user | Z10: Tên RDBMS | AE10: Aurora
C11: Tên logic | H11: Bảng thông tin trình độ tiếng Nhật | Z11: Version | AE11: Mysql
C12: Tên vật lý | H12: certifications
C13: Ghi chú
B20: ■Thông tin cột
B22: No. | D22: Tên logic | R22: Tên vật lý | AC22: Data Type | AH22: PK | AJ22: Not Null | AM22: Format | AT22: Ghi chú
B23: 1 | D23: ID chứng chỉ tiếng Nhật | R23: certification_id | AC23: BIGINT | AH23: Yes | AJ23: Yes | AT23: Auto increment
B24: 2 | D24: Tên chứng chỉ | R24: certification_name | AC24: VARCHAR(50) | AJ24: Yes
B25: 3 | D25: Cấp độ của chứng chỉ | R25: certification_level | AC25: INT | AJ25: Yes | AT25: Giá trị càng nhỏ thì trình độ càng cao
B27: ■Data Master
B29: certification_id | G29: certification_name | R29: certification_level
B30: 1 | G30: Trình độ tiếng nhật cấp 1 | R30: 1
B31: 2 | G31: Trình độ tiếng nhật cấp 2 | R31: 2
B32: 3 | G32: Trình độ tiếng nhật cấp 3 | R32: 3
B33: 4 | G33: Trình độ tiếng nhật cấp 4 | R33: 4
B34: 5 | G34: Trình độ tiếng nhật cấp 5 | R34: 5

Sheet employees_certifications
A1: Tên system | K1: Loại system | W1: =IF(Bìa!W1="","",Bìa!W1) -> TKDB | AP1: Người tạo | AT1: Ngày tạo | AY1: Người update | BC1: Ngày update | BH1: Version
A2: =IF(Bìa!A2="","",Bìa!A2) -> Manager User | K2: =IF(Bìa!K2="","",Bìa!K2) -> 14_Thiết kế DB | AP2: =IF(Bìa!AP2="","",Bìa!AP2) -> ThanhPD | AT2: =IF(Bìa!AT2="","",Bìa!AT2) -> 44930 | AY2: =IF(Bìa!AY2="","",Bìa!AY2) -> ThanhPD | BC2: =IF(Bìa!BC2="","",Bìa!BC2) -> 44930 | BH2: =IF(Bìa!BH2="","",Bìa!BH2) -> 0.1
A4: Category chức năng | H4: =IF(Bìa!H4="","",Bìa!H4) | U4: Hạng mục | Z4: =IF(Bìa!Z4="","",Bìa!Z4) -> ー | AP4: =H11 -> Bảng quan hệ nhân viên trình độ tiếng Nhật
B8: ■Thông tin bảng
C10: Tên schema | H10: user | Z10: Tên RDBMS | AE10: Aurora
C11: Tên logic | H11: Bảng quan hệ nhân viên trình độ tiếng Nhật | Z11: Version | AE11: Mysql
C12: Tên vật lý | H12: employees_certifications
C13: Ghi chú
B20: ■Thông tin cột
B22: No. | D22: Tên logic | R22: Tên vật lý | AC22: Data Type | AH22: PK | AJ22: Not Null | AM22: Format | AT22: Ghi chú
B23: 1 | D23: ID quan hệ nhân viên và chứng chỉ tiếng Nhật | R23: employee_certification_id | AC23: BIGINT | AH23: Yes | AJ23: Yes | AT23: Auto increment
B24: =B23+1 -> 2 | D24: ID nhân viên | R24: employee_id | AC24: BIGINT | AH24: Yes | AJ24: Yes | AT24: FK employees.employee_id
B25: =B24+1 -> 3 | D25: ID chứng chỉ | R25: certification_id | AC25: BIGINT | AH25: Yes | AJ25: Yes | AT25: FK certifications.certification_id
B26: =B25+1 -> 4 | D26: Ngày đạt chứng chỉ | R26: start_date | AC26: DATE | AJ26: Yes
B27: =B26+1 -> 5 | D27: Người hết hạn chứng chỉ | R27: end_date | AC27: DATE | AJ27: Yes
B28: =B27+1 -> 6 | D28: Điểm | R28: score | AC28: DECIMAL | AJ28: Yes
