Workbook

Sheet Bìa
A1: Tên system | K1: Loại system | W1: TKCB | AP1: Người tạo | AT1: Ngày tạo | AY1: Người update | BC1: Ngày update | BH1: Version
A2: Manage User | K2: Thiết kế màn hình | AP2: LongLD | AT2: 45078 | AY2: LongLD | BC2: 45078 | BH2: 0.1
A4: Category chức năng | U4: Hạng mục | AP4: Bìa
L16: Manage User
L24: =K2&"/"&H4&"/"&Z4 -> Thiết kế màn hình//
Q44: Ngày phê chuẩn | AA44: Người phê chuẩn | AQ44: Version

Sheet Lịch sử thay đổi
A1: Tên system | K1: Loại system | W1: =IF(Bìa!W1="","",Bìa!W1) -> TKCB | AP1: Người tạo | AT1: Ngày tạo | AY1: Người update | BC1: Ngày update | BH1: Version
A2: =IF(Bìa!A2="","",Bìa!A2) -> Manage User | K2: =IF(Bìa!K2="","",Bìa!K2) -> Thiết kế màn hình | AP2: =IF(Bìa!AP2="","",Bìa!AP2) -> LongLD | AT2: =IF(Bìa!AT2="","",Bìa!AT2) -> 45078 | AY2: =IF(Bìa!AY2="","",Bìa!AY2) -> LongLD | BC2: =IF(Bìa!BC2="","",Bìa!BC2) -> 45078 | BH2: 0.1
A4: Category chức năng | H4: =IF(Bìa!H4="","",Bìa!H4) | U4: Hạng mục | Z4: =IF(Bìa!Z4="","",Bìa!Z4) | AP4: Lịch sử thay đổi
B7: ■Lịch sử thay đổi
B9: Date | H9: Người thay đổi | O9: Version | S9: Nội dung thay đổi | AX9: Ngày phê chuẩn | BD9: Người phê chuẩn
B10: 45078 | H10: LongLD | O10: 0.1 | S10: Tạo mới

Sheet Layout MH
A1: Tên system | K1: Loại system | W1: =IF(Bìa!W1="","",Bìa!W1) -> TKCB | AZ1: Người tạo | BD1: Ngày tạo | BI1: Người update | BM1: Ngày update | BR1: Version
A2: =IF(Bìa!A2="","",Bìa!A2) -> Manage User | K2: =IF(Bìa!K2="","",Bìa!K2) -> Thiết kế màn hình | AZ2: =IF(Bìa!AP2="","",Bìa!AP2) -> LongLD | BD2: =IF(Bìa!AT2="","",Bìa!AT2) -> 45078 | BI2: =IF(Bìa!AY2="","",Bìa!AY2) -> LongLD | BM2: =IF(Bìa!BC2="","",Bìa!BC2) -> 45078 | BR2: =IF(Bìa!BH2="","",Bìa!BH2) -> 0.1
A4: Category chức năng | H4: =IF(Bìa!H4="","",Bìa!H4) | U4: Hạng mục | Z4: =IF(Bìa!Z4="","",Bìa!Z4) | AZ4: Layout MH
B7: ■Login (ADM001)
BA8: Màn hình yêu cầu nhập username/password để vào hệ thống
BA10: URL vào là http(s)://ip_address/login
B42: ■ Nhân viên > List nhân viên (ADM002)
AZ43: Màn hình list nhân viên
BA45: URL vào là http(s)://ip_address/user/list
BA47: Có các chức năng chính
BB48: Search: search all và điều kiện (có sort)
BB49: Add: Link đến màn hình add mới ADM004
BB50: Sort: sort theo các trường
BC51: 氏名 (name)
BC52: 日本語能力 (trình độ JP)
BC53: 失効日 (ngày chứng chỉ JP hết hạn)
BB54: Chi tiết: Link đến màn hình chi tiết ADM003
BB55: Paging: Phân trang, mỗi page 20 bản ghi
B74: ■ Nhân viên > Chi tiết nhân viên (ADM003)
BA75: Màn hình hiển thị chi tiết nhân viên
BA79: Có các chức năng chính:
BA80: View: chi tiết một nhận viên
BA81: Edit: Link đến màn hình edit nhân viên ADM004
BA82: Delete: Delete nhân viên trong CSDL
B108: ■ Nhân viên > Edit\Add nhân viên (ADM004)
BA109: Màn hình edit/add nhân viên
BA113: Khi đi từ màn hình chi tiết: Sẽ là màn hình edit nhân viên
BA114: Khi đi từ màn hình list nhân viên: Sẽ là màn hình add nhân viên
BA116: Có các chức năng chính
BB117: Edit/Add: Link đến màn hình confirm ADM005
BA119: Hiển thị ban đầu:
BB120: `- Trường hợp add: các Trường để rỗng
BB121: `- Trường hợp edit: các Trường hiển thị thông tin của nhân viên
B141: ■ Nhân viên > Confirm add\edit nhân viên (ADM005)
BA142: Màn hình xác nhận thông tin nhân viên trước khi update vào database
BA145: Hiển thị ban đầu:
BB146: Hiện thi thông tin hợp lệ do user nhập vào từ màn hình add\edit
BB147: để xác nhận trước khi update vào database
BA149: Có các chức năng chính
BB151: Edit/Add: Gọi API để update vào database
B174: ■ Nhân viên > Complete add\edit\delete nhân viên (ADM006)
BA175: Màn hình hiển thị thông báo đã update/add/delete user thành công
B209: ■ Common > System Error | BA209: Màn hình thông báo lỗi hệ thống hoặc có exception xảy ra

Sheet Định nghĩa hạng mục
A1: Tên system | K1: Loại system | W1: =IF(Bìa!W1="","",Bìa!W1) -> TKCB | AT1: Người tạo | AX1: Ngày tạo | BC1: Người update | BG1: Ngày update | BL1: Version
A2: =IF(Bìa!A2="","",Bìa!A2) -> Manage User | K2: =IF(Bìa!K2="","",Bìa!K2) -> Thiết kế màn hình | AT2: =IF(Bìa!AP2="","",Bìa!AP2) -> LongLD | AX2: =IF(Bìa!AT2="","",Bìa!AT2) -> 45078 | BC2: =IF(Bìa!AY2="","",Bìa!AY2) -> LongLD | BG2: =IF(Bìa!BC2="","",Bìa!BC2) -> 45078 | BL2: =IF(Bìa!BH2="","",Bìa!BH2) -> 0.1
A4: Category chức năng | H4: =IF(Bìa!H4="","",Bìa!H4) | U4: Hạng mục | Z4: =IF(Bìa!Z4="","",Bìa!Z4) | AT4: Định nghĩa hạng mục
B7: ■Login (ADM001)
B8: No | D8: Tên hạng mục | M8: I/O | O8: Bắt buộc | Q8: Loại control | V8: Type | Z8: Min ký tự | AB8: Max ký tự | AD8: Format | AH8: Mapping hạng mục | AX8: Note
AH9: API tham chiếu | AN9: Trường tham chiếu
B10: 1 | D10: Logo | M10: O | O10: － | Q10: Image | V10: － | AX10: Logo công ty
B11: 2 | D11: Title | M11: O | O11: － | Q11: Label | V11: － | AX11: Text cố định
B12: 3 | D12: Username | M12: I | O12: 〇 | Q12: Text | V12: Tiếng Anh halfsize | AB12: 50
B13: 4 | D13: Password | M13: I | O13: 〇 | Q13: Password | V13: Tiếng Anh halfsize | Z13: 8 | AB13: 25
B14: 5 | D14: Login | M14: O | O14: － | Q14: Button | V14: － | AX14: Thực hiện gọi API login
B17: ■ Nhân viên > List nhân viên (ADM002)
B18: No | D18: Tên hạng mục | M18: I/O | O18: Bắt buộc | Q18: Loại control | V18: Type | Z18: Min ký tự | AB18: Max ký tự | AD18: Format | AH18: Mapping hạng mục | AX18: Note
AH19: API tham chiếu | AN19: Trường tham chiếu
B20: 1 | D20: Logo | M20: O | O20: － | Q20: Image | V20: － | AX20: Logo công ty + text tên cty: Luvina Software
B21: 2 | D21: Sign out | M21: O | O21: － | Q21: Link | V21: － | AX21: Clear storage, chuyển sang màn hình login ADM001
B22: 3 | D22: Top | M22: O | O22: － | Q22: Link | V22: － | AX22: Khi user click vào link scroll MH lên top
B23: 4 | D23: Title | M23: O | O23: － | Q23: Label | V23: － | AX23: Text cố định
B24: 5 | D24: Title hạng mục search Fullname | M24: O | O24: － | Q24: Label | V24: － | AX24: Text cố định
B25: 6 | D25: Điều kiện search Fullname | M25: I | O25: － | Q25: Text | V25: － | Z25: 0 | AB25: 125 | AX25: Nếu fullname là rỗng thì ko search fullname, ngược lại điều kiện search là mapping một phần( LIKE %Fullname%) Trên MH nhập fix cố định cho phép user chỉ nhập tối đa 125 kí tự
B26: 7 | D26: Title hạng mục search Department | M26: O | O26: － | Q26: Label | V26: － | AX26: Text cố định
B27: 8 | D27: Điều kiện search Department | M27: I | O27: － | Q27: Dropdown List | V27: － | AH27: API List departments | AN27: giá trị là department id label là department name | AX27: Dropdown giá trị là danh sách phòng ban Cho phép chọn rỗng (phần tử đầu là rỗng). Nêú user chọn rỗng thì ko search department, ngược lại search theo department id
B28: 9 | D28: Button Search | M28: － | O28: － | Q28: Button | V28: － | AX28: Thực hiện search (gọi API List employees) theo điều kiện search
B29: 10 | D29: Button Add mới | M29: － | O29: － | Q29: Button | V29: － | AX29: chuyển sang màn hình add mới ADM004
B30: 11 | D30: Header Bảng danh sách nhân viên | M30: O | Q30: Label | V30: － | AX30: Có các cột: ID, 氏名, 生年月日, グループ,メールアドレス,電話番号,日本語能力, 失効日, 点数. Trong đó: các cột 氏名, 日本語能力, 失効日 có biểu tượng sort, khi click vào toàn bộ title của cột thì thực hiện sort tại server (gọi API),mặc định ban đầu tất cả đều sort theo asc (biểu tượng ▲▽), khi click vào cột nào thì sort đảo ngược trạng thái sort hiện tại. Ví dụ: trạng thái cột đang là asc (▲▽), click vào title thì chuyển thành desc (▼△) và gọi API để sort. Click tiếp thì đang là desc (▼△) chuyển thành (▲▽) và gọi API List employees để sort tiếp
B31: 12 | D31: Danh sách ID nhân viên | M31: O | O31: － | Q31: Link | V31: － | AX31: Hiển thị danh sách ID nhân viên lấy từ API Click vào từng ID sẽ gọi API Get Employee và chuyển sang màn hình view chi tiết nhân viên ADM003
B32: 13 | D32: Danh sách tên nhân viên | M32: O | O32: － | Q32: Label | V32: － | AX32: Hiển thị danh sách tên nhân viên tương ứng với từng ID lấy từ API
B33: 14 | D33: Danh sách ngày sinh nhân viên | M33: O | O33: － | Q33: Label | V33: － | AX33: Hiển thi danh sách ngày sinh nhân viên tương ứng với từng ID lấy từ API
B34: 15 | D34: Danh sách phòng ban nhân viên | M34: O | O34: － | Q34: Label | V34: － | AX34: Hiển thi danh sách phòng ban nhân viên tương ứng với từng ID lấy từ API
B35: 16 | D35: Danh sách email nhân viên | M35: O | O35: － | Q35: Label | V35: － | AX35: Hiển thi danh sách email nhân viên tương ứng với từng ID lấy từ API
B36: 17 | D36: Danh sách số điện thoại nhân viên | M36: O | O36: － | Q36: Label | V36: － | AX36: Hiển thi danh sách Số điện thoại nhân viên tương ứng với từng ID lấy từ API
B37: 18 | D37: Danh sách chứng chỉ JP nhân viên | M37: O | O37: － | Q37: Label | V37: － | AX37: Hiển thi danh sách chứng chỉ JP nhân viên tương ứng với từng ID lấy từ API
B38: 19 | D38: Danh sách ngày hết han chứng chỉ JP nhân viên | M38: O | O38: － | Q38: Label | V38: － | AX38: Hiển thi danh sách ngày hết hạn chứng chỉ JP nhân viên tương ứng với từng ID lấy từ API
B39: 20 | D39: Danh sách điểm thi chứng chỉ JP nhân viên | M39: O | O39: － | Q39: Label | V39: － | AX39: Hiển thi danh sách điểm thi chứng chỉ JP nhân viên tương ứng với từng ID lấy từ API
B40: 21 | D40: Phân trang | M40: － | O40: － | Q40: Button | AX40: Button phân trang
B41: 22 | D41: Footer | M41: O | O41: － | Q41: Label | AX41: Text cố định
B43: ■ Nhân viên > Chi tiết nhân viên (ADM003)
B44: No | D44: Tên hạng mục | M44: I/O | O44: Bắt buộc | Q44: Loại control | V44: Type | Z44: Min ký tự | AB44: Max ký tự | AD44: Format | AH44: Mapping hạng mục | AX44: Note
AH45: API tham chiếu | AN45: Trường tham chiếu
B46: 1 | D46: Logo | M46: O | O46: － | Q46: Image | V46: － | AX46: Logo công ty + text tên cty: Luvina Software
B47: 2 | D47: Sign out | M47: O | O47: － | Q47: Link | V47: － | AX47: Clear storage, chuyển sang màn hình login ADM001
B48: 3 | D48: Top | M48: O | O48: － | Q48: Link | V48: － | AX48: Khi user click vào link scroll MH lên top
B49: 4 | D49: Title thông tin nhân viên cơ bản | M49: O | O49: － | Q49: Label | V49: － | AX49: Text cố định
B50: 5 | D50: Title hạng mục account nhân viên | M50: O | O50: － | Q50: Label | V50: － | AX50: Text cố định
B51: 6 | D51: Hạng mục account nhân viên | M51: O | O51: － | Q51: Label | V51: Tiếng Anh halfsize | AX51: Hiển thi thông tin account nhân viên lấy từ API
B52: 7 | D52: Title hạng mục phòng ban | M52: O | O52: － | Q52: Label | V52: － | AX52: Text cố định
B53: 8 | D53: Hạng mục phòng ban | M53: O | O53: － | Q53: Label | V53: － | AX53: Hiển thi thông tin tên phòng ban của nhân viên lấy từ API
B54: 9 | D54: Title hạng mục tên nhân viên | M54: O | O54: － | Q54: Label | V54: － | AX54: Text cố định
B55: 10 | D55: Hạng mục tên nhân viên | M55: O | O55: － | Q55: Label | V55: － | AX55: Hiển thị thông tin tên đẩy đủ của nhân viên lấy từ API
B56: 11 | D56: Title hạng mục tên katakana nhân viên | M56: O | O56: － | Q56: Label | V56: － | AX56: Text cố định
B57: 12 | D57: Hạng mục tên katakana nhân viên | M57: O | O57: － | Q57: Label | V57: Kana halfsize | AX57: Hiển thị thông tin tên katakana của nhân viên lấy từ API
B58: 13 | D58: Title hạng mục ngày sinh nhân viên | M58: O | O58: － | Q58: Label | V58: － | AX58: Text cố định
B59: 14 | D59: Hạng mục ngày sinh nhân viên | M59: O | O59: － | Q59: Label | V59: Tiếng Anh halfsize | AD59: yyyy/MM/dd | AX59: Hiển thị thông tin ngày sinh của nhân viên lấy từ API
B60: 15 | D60: Title hạng mục email nhân viên | M60: O | O60: － | Q60: Label | V60: － | AX60: Text cố định
B61: 16 | D61: Hạng mục email nhân viên | M61: O | O61: － | Q61: Label | V61: Tiếng Anh halfsize | AX61: Hiển thị thông tin email của nhân viên lấy từ API
B62: 17 | D62: Title Số điện thoại nhân viên | M62: O | O62: － | Q62: Label | AX62: Text cố định
B63: 18 | D63: Hạng mục số điện thoại nhân viên | M63: O | O63: － | Q63: Label | V63: Tiếng Anh halfsize | AX63: Hiển thị thông tin Số điện thoại của nhân viên lấy từ API
B64: 19 | D64: Title thông tin chứng chỉ JP của nhân viên | M64: O | O64: － | Q64: Label | V64: － | AX64: Text cố định
B65: 20 | D65: Title hạng mục tên chứng chỉ JP nhân viên | M65: O | O65: － | Q65: Label | V65: － | AX65: Text cố định
B66: 21 | D66: Hạng mục tên chứng chỉ JP nhân viên | M66: O | O66: － | Q66: Label | V66: － | AX66: Hiển thị thông tin tên chứng chỉ của nhân viên lấy từ API
B67: 22 | D67: Title ngày hiệu lực của chứng chỉ JP | M67: O | O67: － | Q67: Label | V67: － | AX67: Text cố định
B68: 23 | D68: Hạng mục ngày hiệu lực của chứng chỉ JP | M68: O | O68: － | Q68: Label | V68: Tiếng Anh halfsize | AD68: yyyy/MM/dd | AX68: Hiển thị thông tin ngày hiêu lực chứng chỉ JP của nhân viên lấy từ API
B69: 24 | D69: Title ngày hết hạn của chứng chỉ JP | M69: O | O69: － | Q69: Label | V69: － | AX69: Text cố định
B70: 25 | D70: Hạng mục ngày hết hạn của chứng chỉ JP | M70: O | O70: － | Q70: Label | V70: Tiếng Anh halfsize | AD70: yyyy/MM/dd | AX70: Hiển thị thông tin ngày hết hạn chứng chỉ JP của nhân viên lấy từ API
B71: 26 | D71: Title điểm số chứng chỉ JP | M71: O | O71: － | Q71: Label | V71: － | AX71: Text cố định
B72: 27 | D72: Hạng mục điểm số chứng chỉ JP | M72: O | O72: － | Q72: Label | V72: Số halfsize | AX72: Hiển thị thông tin điểm số chứng chỉ JP của nhân viên lấy từ API
B73: 28 | D73: Button edit nhân viên | M73: － | O73: － | Q73: Button | AX73: Khi user click chuyển sang màn hình edit nhân viên
B74: 29 | D74: Button delete nhân viên | M74: － | O74: － | Q74: Button | AX74: Khi user click thực hiện gọi API Delete employee để xóa data nhân viên trong database
B75: 30 | D75: Button cancel | M75: － | O75: － | Q75: Button | AX75: Khi user click di chuyển về màn hình list nhân viên ADM002
B76: 31 | D76: Footer | M76: O | O76: － | Q76: Label | AX76: Text cố định
B78: ■ Nhân viên > edit/add nhân viên (ADM004)
B79: No | D79: Tên hạng mục | M79: I/O | O79: Bắt buộc | Q79: Loại control | V79: Type | Z79: Min ký tự | AB79: Max ký tự | AD79: Format | AH79: Mapping hạng mục | AX79: Note
AH80: API tham chiếu | AN80: Trường tham chiếu
B81: 1 | D81: Logo | M81: O | O81: － | Q81: Image | V81: － | AX81: Logo công ty + text tên cty: Luvina Software
B82: 2 | D82: Sign out | M82: O | O82: － | Q82: Link | V82: － | AX82: Clear storage, chuyển sang màn hình login ADM001
B83: 3 | D83: Top | M83: O | O83: － | Q83: Link | V83: － | AX83: Khi user click vào link scroll MH lên top
B84: 4 | D84: Title thông tin nhân viên cơ bản | M84: O | O84: － | Q84: Label | V84: － | AX84: Text cố định
B85: 4a | D85: Vùng thông báo lỗi | M85: O | O85: － | Q85: Label | V85: － | AX85: Hiển thị message lỗi
B86: 5 | D86: Title hạng mục account nhân viên | M86: O | O86: － | Q86: Label | V86: － | AX86: Text cố định
B87: 6 | D87: Hạng mục account nhân viên | M87: I | O87: 〇 | Q87: Text | V87: Tiếng Anh halfsize | AB87: 50 | AX87: Cho phép edit thông tin account của nhân viên Hiển thị ban đầu: TH add mới: để rỗng TH edit: hiển thi giá trị lấy từ API Validate: bắt buộc nhâp (ER001), max length (ER006), chỉ chứa a-z, A-Z, 0-9 và _, ký tự đầu tiên không phải là số (ER019)
B88: 7 | D88: Title hạng mục phòng ban | M88: O | O88: － | Q88: Label | V88: － | AX88: Text cố định
B89: 8 | D89: Hạng mục phòng ban | M89: I | O89: 〇 | Q89: Dropdown List | V89: － | AH89: API List departments | AN89: Hiển thị là hạng mục departmentName giá trị là departmentId | AX89: Cho phép edit thông tin phòng ban của nhân viên Hiển thị ban đầu: TH add mới: để rỗng TH edit: hiển thi giá trị lấy từ API Giá trị của dropdown list lấy từ API List departments (có phần tử rỗng ở đầu) Validate: bắt buộc nhâp (ER001)
B90: 9 | D90: Title hạng mục tên nhân viên | M90: O | O90: － | Q90: Label | V90: － | AX90: Text cố định
B91: 10 | D91: Hạng mục tên nhân viên | M91: I | O91: 〇 | Q91: Text | V91: － | AB91: 125 | AX91: Cho phép edit thông tin tên của nhân viên Hiển thị ban đầu: TH add mới: để rỗng TH edit: hiển thi giá trị lấy từ API Validate: bắt buộc nhâp (ER001), max length (ER006)
B92: 11 | D92: Title hạng mục tên katakana nhân viên | M92: O | O92: － | Q92: Label | V92: － | AX92: Text cố định
B93: 12 | D93: Hạng mục tên katakana nhân viên | M93: O | O93: 〇 | Q93: Text | V93: Kana halfsize | AB93: 125 | AX93: Cho phép edit thông tin tên katakana của nhân viên Hiển thị ban đầu: TH add mới: để rỗng TH edit: hiển thi giá trị lấy từ API Validate: bắt buộc nhâp (ER001), max length (ER006), kana (ER009)
B94: 13 | D94: Title hạng mục ngày sinh nhân viên | M94: O | O94: － | Q94: Label | V94: － | AX94: Text cố định
B95: 14 | D95: Hạng mục ngày sinh nhân viên | M95: I | O95: 〇 | Q95: Text | V95: Tiếng Anh halfsize | AD95: yyyy/MM/dd | AX95: Cho phép edit thông tin ngày sinh của nhân viên Hiển thị ban đầu: TH add mới: để rỗng TH edit: hiển thi giá trị ngày sinh lấy từ API Validate: bắt buộc nhâp (ER001), date hợp lệ (ER011)
B96: 15 | D96: Title hạng mục email nhân viên | M96: O | O96: － | Q96: Label | V96: － | AX96: Text cố định
B97: 16 | D97: Hạng mục email nhân viên | M97: I | O97: 〇 | Q97: Text | V97: Tiếng Anh halfsize | AB97: 125 | AX97: Cho phép edit thông tin tên email của nhân viên Hiển thị ban đầu: TH add mới: để rỗng TH edit: hiển thi giá trị lấy từ API Validate: bắt buộc nhâp (ER001), max length (ER006)
B98: 17 | D98: Title Số điện thoại nhân viên | M98: O | O98: － | Q98: Label | AX98: Text cố định
B99: 18 | D99: Hạng mục số điện thoại nhân viên | M99: I | O99: 〇 | Q99: Text | V99: Tiếng Anh halfsize | AB99: 50 | AX99: Cho phép edit thông tin số điện thoại của nhân viên Hiển thị ban đầu: TH add mới: để rỗng TH edit: hiển thi giá trị lấy từ API Validate: bắt buộc nhâp (ER001), max length (ER006), ký tự halfsize (ER008)
B100: 19 | D100: Title mật khẩu nhân viên | M100: O | O100: － | Q100: Label | AX100: Text cố định
B101: 20 | D101: Hạng mục mật khẩu nhân viên | M101: I | O101: － | Q101: Password | Z101: 8 | AB101: 50 | AX101: Cả 2 TH add và edit ban đầu đều để rỗng TH add mới bắt buộc nhập (ER001), validate min length, max length (ER007) TH edit, nếu nhập thì validate min, max length (ER007)
B102: 21 | D102: Title nhâp lại mật khẩu nhân viên | M102: O | O102: － | Q102: Label | V102: － | AX102: Text cố định
B103: 22 | D103: Hạng mục nhắc lại mật khẩu nhân viên | M103: I | O103: － | Q103: Password | Z103: 8 | AB103: 50 | AX103: Cả 2 TH add và edit ban đầu đều để rỗng TH add mới: bắt buộc nhập (ER001), validate trùng với hạng mục 20 (ER017) TH edit: nếu nhập hạng mục 20, thì validate trùng với hạng mục 20 (ER017)
B104: 23 | D104: Title thông tin chứng chỉ JP của nhân viên | M104: O | O104: － | Q104: Label | V104: － | AX104: Text cố định
B105: 24 | D105: Title hạng mục tên chứng chỉ JP nhân viên | M105: O | O105: － | Q105: Label | V105: － | AX105: Text cố định
B106: 25 | D106: Hạng mục tên chứng chỉ JP nhân viên | M106: I | O106: － | Q106: Dropdown List | AH106: API Get Certifications | AN106: Hiển thị : certificationName Giá trị: certificationId | AX106: Cho phép edit thông tin chứng chỉ của nhân viên + Hiển thị ban đầu: TH add mới: để rỗng TH edit: hiển thi giá trị lấy từ API Giá trị của dropdown list lấy từ API get certifications (có phần tử rỗng ở đầu) + Action: Khi chọn phần tử rỗng thì clear giá trị ở hạng mục 27, 29, 31 và disable các hạng mục này Khi chọn phần tử khác rỗng thì enable các hạng mục 27, 29, 31
B107: 26 | D107: Title ngày hiệu lực của chứng chỉ JP | M107: O | O107: － | Q107: Label | V107: － | AX107: Text cố định
...

Sheet API sử dụng
A1: Tên system | K1: Loại system | W1: =IF(Bìa!W1="","",Bìa!W1) -> TKCB | AP1: Người tạo | AT1: Ngày tạo | AY1: Người update | BC1: Ngày update | BH1: Version
A2: =IF(Bìa!A2="","",Bìa!A2) -> Manage User | K2: =IF(Bìa!K2="","",Bìa!K2) -> Thiết kế màn hình | AP2: =IF(Bìa!AP2="","",Bìa!AP2) -> LongLD | AT2: =IF(Bìa!AT2="","",Bìa!AT2) -> 45078 | AY2: =IF(Bìa!AY2="","",Bìa!AY2) -> LongLD | BC2: =IF(Bìa!BC2="","",Bìa!BC2) -> 45078 | BH2: =IF(Bìa!BH2="","",Bìa!BH2) -> 0.1
A4: Category chức năng | H4: =IF(Bìa!H4="","",Bìa!H4) | U4: Hạng mục | Z4: =IF(Bìa!Z4="","",Bìa!Z4) | AP4: API sử dụng
B7: ■Danh sách API sử dụng
D9: No. | F9: Tên service | P9: Tên vật lý | AF9: Phương thức | AL9: File tham chiếu
D10: 1 | F10: Login | P10: /login | AF10: POST | AL10: TKAPI_Login.xslx
D11: 2 | F11: List departments | P11: /department | AF11: GET | AL11: TKAPI_ListDepartments.xslx
D12: 3 | F12: List certifications | P12: /certification | AF12: GET | AL12: TKAPI_ListCertifications.xslx
D13: 4 | F13: List employees | P13: /employee | AF13: GET | AL13: TKAPI_ListEmployee.xslx
D14: 5 | F14: Add employee | P14: /employee | AF14: POST | AL14: TKAPI_AddEmployee.xslx
D15: 6 | F15: Edit employee | P15: /employee | AF15: PUT | AL15: TKAPI_UpdateEmployee.xslx
D16: 7 | F16: Delete employee | P16: /employee/:id | AF16: DELETE | AL16: TKAPI_DeleteEmployee.xslx
D17: 8 | F17: Get employee | P17: /employee/:id | AF17: GET | AL17: TKAPI_GetEmployee.xslx

Sheet Flow xử lý
A1: Tên system | K1: Loại system | W1: =IF(Bìa!W1="","",Bìa!W1) -> TKCB | AP1: Người tạo | AT1: Ngày tạo | AY1: Người update | BC1: Ngày update | BH1: Version
A2: =IF(Bìa!A2="","",Bìa!A2) -> Manage User | K2: =IF(Bìa!K2="","",Bìa!K2) -> Thiết kế màn hình | AP2: =IF(Bìa!AP2="","",Bìa!AP2) -> LongLD | AT2: =IF(Bìa!AT2="","",Bìa!AT2) -> 45078 | AY2: =IF(Bìa!AY2="","",Bìa!AY2) -> LongLD | BC2: =IF(Bìa!BC2="","",Bìa!BC2) -> 45078 | BH2: =IF(Bìa!BH2="","",Bìa!BH2) -> 0.1
A4: Category chức năng | H4: =IF(Bìa!H4="","",Bìa!H4) | U4: Hạng mục | Z4: =IF(Bìa!Z4="","",Bìa!Z4) | AP4: Flow xử lý
B7: ■Xử lý login
B37: ■Xử lý hiển thị search list nhân viên
B66: ■Xử lý hiển thị view chi tiết nhân viên
B97: ■Xử lý delete nhân viên
B120: ■Xử lý add/edit nhân viên
D122: Hiển thị ban đầu
D158: Button Confirm
C183: ■Xử lý confirm add/update nhân viên
D185: Hiển thị ban đầu
D211: Button Update

Sheet Chi tiết xử lý
A1: Tên system | K1: Loại system | W1: =IF(Bìa!W1="","",Bìa!W1) -> TKCB | AP1: Người tạo | AT1: Ngày tạo | AY1: Người update | BC1: Ngày update | BH1: Version
A2: =IF(Bìa!A2="","",Bìa!A2) -> Manage User | K2: =IF(Bìa!K2="","",Bìa!K2) -> Thiết kế màn hình | AP2: =IF(Bìa!AP2="","",Bìa!AP2) -> LongLD | AT2: =IF(Bìa!AT2="","",Bìa!AT2) -> 45078 | AY2: =IF(Bìa!AY2="","",Bìa!AY2) -> LongLD | BC2: =IF(Bìa!BC2="","",Bìa!BC2) -> 45078 | BH2: =IF(Bìa!BH2="","",Bìa!BH2) -> 0.1
A4: Category chức năng | H4: =IF(Bìa!H4="","",Bìa!H4) | U4: Hạng mục | Z4: =IF(Bìa!Z4="","",Bìa!Z4) | AP4: Chi tiết xử lý
B7: I. Xử lý common
C8: Phần header: (tất cả các màn hình, trừ màn hình login)
D9: Logout:
E10: Clear session storage, di chuyển về màn hình login
D12: Top
E13: Thực hiện scroll lên top
C15: Lỗi gọi API
D16: Khi gọi API mà server trả về HTTP status code
E17: 5xx: redirect sang màn hình System error
E18: 401, 403: redirect sang màn hình Login
E19: Các lỗi khác thông báo tại màn hình
C21: Lỗi truy cập URL không tồn tại
D22: Khi user cố tình truy cập vào URL ko tồn tại, redirect sang màn hình System error với message "Page not found" (ER022)
C24: Lỗi bất thường xảy ra
D25: Redirect sang màn hình System error với message "System Error" (ER023)
C27: Hạng mục nhập date
D28: Hạng mục nhập date gồm textbox và icon calendar
D29: Trong đó textbox ko cho phép nhập trực tiếp bằng keyboard (disable)
D30: Muốn nhập user phải click chọn calendar từ icon calendar để mở popup calendar như hình dưới,
D31: User chọn 1 date từ popup calendar thì fill text vào textbox (định dạng yyyy/MM/dd)
E47: Khi cần disable thì ko cho click từ icon calendar
C49: Validate
D50: Tất cả các hạng mục nhập yêu cầu validate thì thực hiện validate ngay khi user tương tác với control
D51: Với các hạng mục có lỗi thì trên UI hightlight hạng mục đó (tô màu border thành màu đỏ), khi không có lỗi thì để như ban đầu (giống mock)
D52: Khi hạng mục lỗi, message lỗi hiển thị ngay dưới hạng mục, tô màu đỏ, khi ko có lỗi thì clear message lỗi
D53: Với các lỗi chung ko liên quan đến hạng mục như server trả về lỗi, gọi API ko thành công,... hiển thị message lỗi ngay dưới header của page (tô màu đỏ)
D54: Các hạng mục bắt buộc nhập hiển thị kí hiệu (*) màu đỏ ngay sau tiêu đề hạng mục (nếu hạng mục có tiêu đề)
C56: Focus và tab index
D57: Với các màn hình nhập: khi mới vào lần đầu, focus con trỏ vào hạng mục nhập đầu tiên
D58: Các hạng mục để tab index theo thứ tự từ trái qua phải, từ trên xuống dưới
C60: Dropdown:
D61: Tất cả các dropdown nếu ko đề cập gì đều có phần tử rỗng ở đầu
C63: Phân trang
D64: Hiển thị
E65: Luôn hiển thị button trang đầu tiên và trang cuối cùng. Nếu tổng số trang = 1 thì không hiển thị phần phân trang
E66: Hiển thị button trang hiện tại, kèm button trang ngay trước và trang ngay sau của trang hiện tại
G67: Ví dụ nếu đang ở trang 5, tổng số trang là 15 thì hiển thị như sau < 1 … 4 5 6 … 15 >
E68: Nếu đang ở trang 1, disable button <
E69: Nếu đang ở trang cuối cùng, disable button >
D71: Action
E72: Click vào button trang số 1, 2, 3… để di chuyển tới trang tương ứng
E73: Button > : di chuyển đến trang tiếp theo của trang đang hiển thị
E74: Button < : di chuyển đến trang ngay trước trang đang hiển thị
E75: Không có action khi click button …
B77: II.Xử lý chi tiết
C78: 1. Hiển thị ban đầu
D79: Khi mới vào hệ thống, kiểm tra xem nếu tồn tại token trong session storage thì redirect sang màn hình list employees ADM002
D80: Khi không tồn tại token di chuyển sang màn hình login ADM001
C82: 2. Màn hình login
D83: Hiển thị ban đầu:
E84: Để rỗng
D85: Khi user nhập user name, password: thực hiện validate trực tiếp (xem sheet [Định nghĩa hạng mục] để biết yêu cầu validate, và hiện thị message lỗi nếu có
D86: Khi user click Login:
E87: `- Thực hiện validate lại, nếu lỗi hiện thị message lỗi, nếu ko lỗi chuyển sang xử lý bên dưới
E88: `- Gọi API login (tham chiếu file thiết kế API):
F89: API trả về status code 200: lưu lại token vào session storage (xem file thiết kế API để biết thông tin reponse trả về), và redirect sang màn hình list employee
F90: API trả về lỗi khác 200 hoặc mã lỗi login ko thành công: hiển thị message lỗi.
C92: 3. Màn hình list employee
D93: 3.1 Hiển thị ban đầu
D94: `- Khởi tạo điều kiện search ban đầu:
E95: Hạng mục fullname giá trị rỗng
E96: Hạng mục department là rỗng
E97: Page hiện tại = 1
E98: Hạng mục sort: 氏名, 日本語能力, 失効日 tất cả đều là ASC
E99: Số record tối đa hiển thị trong page luôn luôn là 20
D100: `- Gọi API list departments (tham chiếu tài liệu TK API)
E101: TH API trả về lỗi hiện thị message lỗi: "部門を取得できません"
E102: TH API thành công, lấy list department từ reponse trả về (xem TK API), binding list department vào dropdownlít (có phần tử rỗng ở đầu)
D103: `- Gọi API list employees (tham chiếu tài liệu TK API)
E104: TH API trả về lỗi hiện thị message lỗi: "従業員を取得できません"
E105: TH API thành công, lấy list employee từ reponse trả về (xem TK API), binding list employee vào bảng nhân viên
D107: 3.2 Binding data vào màn hình list
D108: `- Clear data trong list trên MH nếu có, Thực hiện binding theo đúng thứ tự response trả về
D109: `- Cách mapping từng hạng mục từ response tham chiếu sheet Định nghĩa hạng mục
D110: `- TH response với list rỗng, ẩn control paging, đồng thời hiển thị message "検索条件に該当するユーザが見つかりません。" (MSG005) ngay trên bảng nhân viên
D111: `- TH response trả về tổng tất cả số record (không tính phân trang) <= 20, ko hiển thị control paging
D113: 3.3 Action Search
D114: `- Reset page hiện tại = 1
D115: `- Giữ nguyên điều kiện sort
D116: `- Get giá trị fullname ở textbox, department ở dropdownlist cùng với giá trị page, sort ở trên đưa vào tham số để gọi API get employee (tham khảo tài liệu thiết kế API)
E117: (nếu user ko nhập fullname, hoặc chọn department rỗng mà click search thì ko cần đưa giá trị fullname, department vào tham số để search)
D118: `- Cách gọi và binding tham khảo phần 3.1 và 3.2
D120: 3.4 Action Sort
D121: `- Khi user click vào cột nào có biểu tượng sort thì đảo ngược giá trị sort hiện tại, các cột khác giữa nguyên (tham khảo sheet Định nghĩa hạng mục)
D122: `- Giữ nguyên điều kiện tìm kiếm
D123: `- Reset page hiện tại = 1
D124: `- Gọi API list employees với tham số như trên
D125: `- Cách gọi và binding tham khảo phần 3.1 và 3.2
D127: 3.5 Action Paging
D128: `- Khi user click vào page nào thì thực hiện gọi lại API giữ nguyên điều kiện search và sort
D129: `- Cách gọi và binding tham khảo phần 3.1 và 3.2
D131: 3.6 Action Add
D132: `- User click vào button Add, di chuyển sang màn hình edit\add ADM004
... D135: `- User click vào link ở cột ID nhân viên, redirect sang màn hình view chi tiết ADM003 kèm ID tương ứng (ko để ID trên URL mà truyền qua router)
C137: 4. Màn hình view chi tiết nhân viên
D138: 4.1 Hiển thị ban đầu
D139: `- Kiểm tra xem có trong router có ID hợp lệ không (dạng số), nếu ko có hoặc ko hợp lệ redirect sang màn hình system error
...

Sheet Phụ lục
A1: Tên system | K1: Loại system | W1: =IF(Bìa!W1="","",Bìa!W1) -> TKCB | AP1: Người tạo | AT1: Ngày tạo | AY1: Người update | BC1: Ngày update | BH1: Version
A2: =IF(Bìa!A2="","",Bìa!A2) -> Manage User | K2: =IF(Bìa!K2="","",Bìa!K2) -> Thiết kế màn hình | AP2: =IF(Bìa!AP2="","",Bìa!AP2) -> LongLD | AT2: =IF(Bìa!AT2="","",Bìa!AT2) -> 45078 | AY2: =IF(Bìa!AY2="","",Bìa!AY2) -> LongLD | BC2: =IF(Bìa!BC2="","",Bìa!BC2) -> 45078 | BH2: =IF(Bìa!BH2="","",Bìa!BH2) -> 0.1
A4: Category chức năng | H4: =IF(Bìa!H4="","",Bìa!H4) | U4: Hạng mục | Z4: =IF(Bìa!Z4="","",Bìa!Z4) | AP4: Phụ lục

Sheet List tồn đọng
A1: Tên system | K1: Loại system | W1: =IF(Bìa!W1="","",Bìa!W1) -> TKCB | AP1: Người tạo | AT1: Ngày tạo | AY1: Người update | BC1: Ngày update | BH1: Version
A2: =IF(Bìa!A2="","",Bìa!A2) -> Manage User | K2: =IF(Bìa!K2="","",Bìa!K2) -> Thiết kế màn hình | AP2: =IF(Bìa!AP2="","",Bìa!AP2) -> LongLD | AT2: =IF(Bìa!AT2="","",Bìa!AT2) -> 45078 | AY2: =IF(Bìa!AY2="","",Bìa!AY2) -> LongLD | BC2: =IF(Bìa!BC2="","",Bìa!BC2) -> 45078 | BH2: =IF(Bìa!BH2="","",Bìa!BH2) -> 0.1
A4: Category chức năng | H4: =IF(Bìa!H4="","",Bìa!H4) | U4: Hạng mục | AP4: List tồn đọng
C7: Danh sách xử lý tồn đọng
D9: No. | F9: Nội dung tồn đọng

Sheet Tham chiếu
A1: Tên system | K1: Loại system | W1: =IF(Bìa!W1="","",Bìa!W1) -> TKCB | AP1: Người tạo | AT1: Ngày tạo | AY1: Người update | BC1: Ngày update | BH1: Version
A2: =IF(Bìa!A2="","",Bìa!A2) -> Manage User | K2: =IF(Bìa!K2="","",Bìa!K2) -> Thiết kế màn hình | AP2: =IF(Bìa!AP2="","",Bìa!AP2) -> LongLD | AT2: =IF(Bìa!AT2="","",Bìa!AT2) -> 45078 | AY2: =IF(Bìa!AY2="","",Bìa!AY2) -> LongLD | BC2: =IF(Bìa!BC2="","",Bìa!BC2) -> 45078 | BH2: =IF(Bìa!BH2="","",Bìa!BH2) -> 0.1
A4: Category chức năng | H4: =IF(Bìa!H4="","",Bìa!H4) | U4: Hạng mục | AP4: Tham chiếu
C7: Danh sách tài liệu tham chiếu
D9: No. | F9: Mã tham chiếu | L9: Tài liệu tham chiếu
D10: 1 | F10: TKMH | L10: Flow nghiệp vụ_di chuyển màn hình.xlsx
